article singular,noun singular,article plural,noun plural,meaning
Die,Zeit,Die,Zeiten,Time
Der,Mann,Die,Männer,Man
Die,Hand,Die,Hände,Hand
Der,Tag,Die,Tage,Day
Der,Weg,Die,Wege,Way
Das,Auge,Die,Augen,Eye
Die,Sache,Die,Sachen,Thing
Der,Kopf,Die,Köpfe,Head
Das,Jahr,Die,Jahre,Year
Das,Zimmer,Die,Zimmer,Room
Die,Tür,Die,Türen,Door
Die,Frau,Die,Frauen,Woman
Das,Gesicht,Die,Gesichter,Face
Die,Mutter,Die,Mütter,Mother
Die,Leute,,,People
Die,Nacht,Die,Nächte,Night
Das,Haus,Die,Häuser,House
Der,Vater,Die,Väter,Father
Das,Leben,Die,Leben,Life
Der,Rücken,Die,Rücken,Back
Die,Stimme,Die,Stimmen,Voice
Das,Mädchen,Die,Mädchen,Girl
Der,Ort,Die,Orte,Place
Der,Junge,Die,Jungen,Boy
Das,Auto,Die,Autos,Car
Die,Seite,Die,Seiten,Side
Der,Arm,Die,Arme,Arm
Das,Kind,Die,Kinder,Child
Das,Wort,Die,Wörter,Word
Der,Moment,Die,Momente,Moment
Das,Haar,Die,Haare,Hair
Der,Fuß,Die,Füße,Foot
Das,Wasser,,,Water
Das,Licht,Die,Lichter,Light
Die,Welt,Die,Welten,World
Der,Name,Die,Namen,Name
Der,Freund,Die,Freunde,Friend
Das,Fenster,Die,Fenster,Window
Der,Körper,Die,Körper,Body
Der,Tisch,Die,Tische,Table
Der,Morgen,Die,Morgen,Morning
Das,Bett,Die,Betten,Bed
Die,Wand,Die,Wände,Wall
Die,Straße,Die,Straßen,Street
Die,Schule,Die,Schulen,School
Die,Luft,,,Air
Der,Boden,Die,Böden,Floor
Die,Stunde,Die,Stunden,Hour
Das,Ende,Die,Enden,End
Die,Familie,Die,Familien,Family
Der,Kerl,Die,Kerle,Guy
Das,Kind,Die,Kinder,Kind
Die,Minute,Die,Minuten,Minute
Die,Geschichte,Die,Geschichten,Story
Der,Gott,Die,Götter,God
Die,Woche,Die,Wochen,Week
Die,Arbeit,,,Work
Die,Schulter,Die,Schultern,Shoulder
Der,Teil,Die,Teile,Part
Der,Verstand,,,Mind
Das,Buch,Die,Bücher,Book
Der,Finger,Die,Finger,Finger
Der,Mund,Die,Münder,Mouth
Das,Kind,Die,Kinder,Kid
Das,Glas,Die,Gläser,Glass
Der,Baum,Die,Bäume,Tree
Der,Klang,Die,Klänge,Sound
Die,Linie,Die,Linien,Line
Die,Ehefrau,Die,Ehefrauen,Wife
Das,Herz,Die,Herzen,Heart
Das,Geld,,,Money
Das,Telefon,Die,Telefone,Phone
Der,Blick,Die,Blicke,Look
Das,Bein,Die,Beine,Leg
Der,Stuhl,Die,Stühle,Chair
Das,Büro,Die,Büros,Office
Der,Bruder,Die,Brüder,Brother
Die,Frage,Die,Fragen,Question
Die,Stadt,Die,Städte,City
Der,Monat,Die,Monate,Month
Das,Baby,Die,Babys,Baby
Das,Zuhause,Die,Zuhause,Home
Der,Hund,Die,Hunde,Dog
Die,Straße,Die,Straßen,Road
Die,Idee,Die,Ideen,Idea
Die,Küche,Die,Küchen,Kitchen
Das,Grundstück,Die,Grundstücke,Lot
Der,Sohn,Die,Söhne,Son
Der,Job,Die,Jobs,Job
Das,Papier,Die,Papiere,Paper
Die,Schwester,Die,Schwestern,Sister
Das,Lächeln,Die,Lächeln,Smile
Der,Punkt,Die,Punkte,Point
Der,Gedanke,Die,Gedanken,Thought
Die,Liebe,,,Love
Die,Stadt,Die,Städte,Town
Der,Tod,Die,Tode,Death
Der,Boden,Die,Böden,Ground
Die,Anderen,,,Others
Das,Feuer,Die,Feuer,Fire
Der,Schritt,Die,Schritte,Step
Das,Blut,,,Blood
Die,Tatsache,Die,Tatsachen,Fact
Der,Atem,Die,Atemzüge,Breath
Die,Lippe,Die,Lippen,Lip
Die,Sonne,Die,Sonnen,Sun
Das,Gebäude,Die,Gebäude,Building
Die,Nummer,Die,Nummern,Number
Der,Ehemann,Die,Ehemänner,Husband
Der,Elternteil,Die,Elternteile,Parent
Die,Ecke,Die,Ecken,Corner
Das,Problem,Die,Probleme,Problem
Das,Paar,Die,Paare,Couple
Die,Tochter,Die,Töchter,Daughter
Die,Tasche,Die,Taschen,Bag
Die,Hölle,,,Hell
Die,Ruhe,,,Rest
Das,Geschäft,Die,Geschäfte,Business
Der,Himmel,Die,Himmel,Sky
Die,Schachtel,Die,Schachteln,Box
Die,Person,Die,Personen,Person
Der,Grund,Die,Gründe,Reason
Das,Recht,,,Right
Die,Haut,Die,Häute,Skin
Der,Vater,Die,Väter,Dad
Der,Fall,Die,Fälle,Case
Das,Stück,Die,Stücke,Piece
Der,Arzt,Die,Ärzte,Doctor
Der,Rand,Die,Ränder,Edge
Die,Mutter,Die,Mütter,Mom
Das,Bild,Die,Bilder,Picture
Der,Sinn,Die,Sinne,Sense
Das,Ohr,Die,Ohren,Ear
Die,Sekunde,Die,Sekunden,Second
Die,Dame,Die,Damen,Lady
Der,Hals,Die,Hälse,Neck
Der,Wind,Die,Winde,Wind
Der,Schreibtisch,Die,Schreibtische,Desk
Die,Waffe,Die,Waffen,Gun
Der,Stein,Die,Steine,Stone
Der,Kaffee,Die,Kaffees,Coffee
Das,Schiff,Die,Schiffe,Ship
Die,Erde,,,Earth
Das,Essen,,,Food
Das,Pferd,Die,Pferde,Horse
Das,Feld,Die,Felder,Field
Der,Krieg,Die,Kriege,War
Der,Nachmittag,Die,Nachmittage,Afternoon
Der,Herr,Die,Herren,Sir
Der,Raum,Die,Räume,Space
Der,Abend,Die,Abende,Evening
Der,Brief,Die,Briefe,Letter
Die,Bar,Die,Bars,Bar
Der,Traum,Die,Träume,Dream
Die,Wohnung,Die,Wohnungen,Apartment
Die,Brust,Die,Brüste,Chest
Das,Spiel,Die,Spiele,Game
Der,Sommer,Die,Sommer,Summer
Die,Angelegenheit,Die,Angelegenheiten,Matter
Die,Stille,,,Silence
Die,Spitze,Die,Spitzen,Top
Der,Felsen,Die,Felsen,Rock
Die,Macht,,,Power
Die,Kleidung,,,Clothes
Das,Schild,Die,Schilder,Sign
Die,Aufmerksamkeit,,,Attention
Die,Musik,,,Music
Der,Zustand,Die,Zustände,State
Die,Tasche,Die,Taschen,Pocket
Das,Abendessen,Die,Abendessen,Dinner
Der,Saal,Die,Säle,Hall
Der,Schmerz,Die,Schmerzen,Pain
Das,Alter,,,Age
Der,Fluss,Die,Flüsse,River
Die,Chance,Die,Chancen,Chance
Die,Nase,Die,Nasen,Nose
Der,Schatten,Die,Schatten,Shadow
Die,Polizei,,,Police
Die,Erinnerung,Die,Erinnerungen,Memory
Die,Farbe,Die,Farben,Color
Das,Knie,Die,Knie,Knee
Das,Holz,,,Wood
Das,Hemd,Die,Hemden,Shirt
Die,Party,Die,Partys,Party
Das,Land,Die,Länder,Country
Der,Lastwagen,Die,Lastwagen,Truck
Der,Zahn,Die,Zähne,Tooth
Die,Rechnung,Die,Rechnungen,Bill
Die,Szene,Die,Szenen,Scene
Das,Land,Die,Länder,Land
Der,Stern,Die,Sterne,Star
Der,Vogel,Die,Vögel,Bird
Das,Schlafzimmer,Die,Schlafzimmer,Bedroom
Der,Onkel,Die,Onkel,Uncle
Die,Art,,,Sort
Die,Gruppe,Die,Gruppen,Group
Die,Wahrheit,Die,Wahrheiten,Truth
Die,Schwierigkeit,,,Trouble
Die,Menschenmenge,Die,Menschenmengen,Crowd
Der,Bahnhof,Die,Bahnhöfe,Station
Die,Träne,Die,Tränen,Tear
Die,Klasse,Die,Klassen,Class
Das,Meer,Die,Meere,Sea
Das,Tier,Die,Tiere,Animal
Das,Zentrum,Die,Zentren,Center
Das,Gefühl,Die,Gefühle,Feeling
Das,Geschäft,Die,Geschäfte,Store
Der,Berg,Die,Berge,Mountain
Die,Nachrichten,,,News
Der,Schuh,Die,Schuhe,Shoe
Die,Katze,Die,Katzen,Cat
Der,Bildschirm,Die,Bildschirme,Screen
Die,Flasche,Die,Flaschen,Bottle
Der,Anruf,Die,Anrufe,Call
Das,Wohnzimmer,Die,Wohnzimmer,Living
Die,Wange,Die,Wangen,Cheek
Der,Student,Die,Studenten,Student
Der,Ball,Die,Bälle,Ball
Der,Anblick,Die,Anblicke,Sight
Der,Hügel,Die,Hügel,Hill
Das,Unternehmen,Die,Unternehmen,Company
Die,Kirche,Die,Kirchen,Church
Der,Regen,Die,Regen,Rain
Der,Anzug,Die,Anzüge,Suit
Die,Eins,,,One
Die,Richtung,Die,Richtungen,Direction
Der,Wille,,,Will
Der,Hals,Die,Hälse,Throat
Die,Mitte,,,Middle
Die,Antwort,Die,Antworten,Answer
Das,Zeug,,,Stuff
Das,Krankenhaus,Die,Krankenhäuser,Hospital
Die,Kamera,Die,Kameras,Camera
Das,Kleid,Die,Kleider,Dress
Die,Karte,Die,Karten,Card
Der,Hof,Die,Höfe,Yard
Die,Dunkelheit,,,Dark
Die,Scheiße,,,Shit
Das,Bild,Die,Bilder,Image
Die,Maschine,Die,Maschinen,Machine
Die,Entfernung,Die,Entfernungen,Distance
Das,Gebiet,Die,Gebiete,Area
Der,Erzähler,Die,Erzähler,Narrator
Das,Eis,Die,Eis,Ice
Der,Schnee,,,Snow
Die,Notiz,Die,Notizen,Note
Der,Spiegel,Die,Spiegel,Mirror
Der,König,Die,Könige,King
Die,Angst,,,Fear
Der,Beamte,Die,Beamten,Officer
Das,Loch,Die,Löcher,Hole
Der,Schuss,Die,Schüsse,Shot
Der,Wächter,Die,Wächter,Guard
Das,Gespräch,Die,Gespräche,Conversation
Das,Boot,Die,Boote,Boat
Das,System,Die,Systeme,System
Die,Sorge,Die,Sorgen,Care
Das,Bit,Die,Bits,Bit
Der,Film,Die,Filme,Movie
Der,Knochen,Die,Knochen,Bone
Die,Seite,Die,Seiten,Page
Der,Kapitän,Die,Kapitäne,Captain
Die,Tante,Die,Tanten,Aunt
Die,Dunkelheit,,,Darkness
Die,Kontrolle,Die,Kontrollen,Control
Das,Getränk,Die,Getränke,Drink
Das,Hotel,Die,Hotels,Hotel
Der,Mantel,Die,Mäntel,Coat
Die,Treppe,Die,Treppen,Stair
Die,Bestellung,Die,Bestellungen,Order
Die,Rose,Die,Rosen,Rose
Die,Miss,,,Miss
Der,Hut,Die,Hüte,Hat
Das,Gold,,,Gold
Die,Zigarette,Die,Zigaretten,Cigarette
Die,Wolke,Die,Wolken,Cloud
Die,Aussicht,Die,Aussichten,View
Der,Fahrer,Die,Fahrer,Driver
Die,Tasse,Die,Tassen,Cup
Die,Figur,Die,Figuren,Figure
Der,Ausdruck,Die,Ausdrücke,Expression
Der,Weg,Die,Wege,Path
Der,Schlüssel,Die,Schlüssel,Key
Der,Computer,Die,Computer,Computer
Die,Blume,Die,Blumen,Flower
Der,Ring,Die,Ringe,Ring
Das,Badezimmer,Die,Badezimmer,Bathroom
Das,Metall,Die,Metalle,Metal
Der,Mond,Die,Monde,Moon
Das,Lied,Die,Lieder,Song
Der,Soldat,Die,Soldaten,Soldier
Das,Radio,Die,Radios,Radio
Die,Geschichte,Die,Geschichten,History
Die,Welle,Die,Wellen,Wave
Der,Plan,Die,Pläne,Plan
Das,College,Die,Colleges,College
Der,Fisch,Die,Fische,Fish
Der,Garten,Die,Gärten,Garden
Der,Zug,Die,Züge,Train
Das,Geschäft,Die,Geschäfte,Shop
Der,Polizist,Die,Polizisten,Cop
Die,Kunst,,,Art
Das,Bier,Die,Biere,Beer
Der,Norden,,,North
Die,Insel,Die,Inseln,Island
Der,Bus,Die,Busse,Bus
Der,Geruch,Die,Gerüche,Smell
Das,Geräusch,Die,Geräusche,Noise
Die,Mama,,,Mama
Der,Park,Die,Parks,Park
Der,Süden,,,South
Das,Paar,Die,Paare,Pair
Der,Herr,Die,Herren,Lord
Der,Teller,Die,Teller,Plate
Die,Jacke,Die,Jacken,Jacket
Die,Hilfe,Die,Hilfen,Help
Der,Papa,Die,Papas,Daddy
Das,Gras,Die,Gräser,Grass
Der,Dank,Die,Danksagungen,Thanks
Die,Hitze,,,Heat
Der,Schlaf,,,Sleep
Das,Gehirn,Die,Gehirne,Brain
Der,Service,Die,Services,Service
Die,Reise,Die,Reisen,Trip
Der,Schlag,Die,Schläge,Beat
Das,Messer,Die,Messer,Knife
Der,Fleck,Die,Flecken,Spot
Die,Nachricht,Die,Nachrichten,Message
Das,Zeichen,Die,Zeichen,Mark
Der,Lehrer,Die,Lehrer,Teacher
Der,Blick,Die,Blicke,Gaze
Das,Dorf,Die,Dörfer,Village
Der,Winter,Die,Winter,Winter
Die,Front,Die,Fronten,Front
Das,Gesetz,Die,Gesetze,Law
Die,Oberfläche,Die,Oberflächen,Surface
Die,Bank,Die,Banken,Bank
Das,Team,Die,Teams,Team
Das,Maximum,Die,Maxima,Maximum
Die,Position,Die,Positionen,Position
Der,Magen,Die,Mägen,Stomach
Die,Wende,,,Turn
Der,Westen,,,West
Das,Mittagessen,Die,Mittagessen,Lunch
Die,Veränderung,Die,Veränderungen,Change
Das,Lebewesen,Die,Lebewesen,Creature
Die,Seele,Die,Seelen,Soul
Das,Blatt,Die,Blätter,Leaf
Die,Show,Die,Shows,Show
Das,Tor,Die,Tore,Gate
Die,Palme,Die,Palmen,Palm
Das,Plastik,,,Plastic
Die,Kraft,Die,Kräfte,Force
Der,Strand,Die,Strände,Beach
Der,Präsident,Die,Präsidenten,President
Die,Form,Die,Formen,Shape
Der,Rauch,Die,Rauch,Smoke
Das,Rad,Die,Räder,Wheel
Das,Silber,,,Silver
Das,Dach,Die,Dächer,Roof
Das,Gewicht,Die,Gewichte,Weight
Die,Zunge,Die,Zungen,Tongue
Der,Tee,Die,Tees,Tea
Die,Strecke,Die,Strecken,Track
Der,Winkel,Die,Winkel,Angle
Die,Form,Die,Formen,Form
Der,Ton,Die,Töne,Tone
Der,Kreis,Die,Kreise,Circle
Der,Frühling,Die,Frühlinge,Spring
Die,Veranda,Die,Veranden,Porch
Das,Blatt,Die,Blätter,Sheet
Das,Mitglied,Die,Mitglieder,Member
Der,Pool,Die,Pools,Pool
Das,Bedürfnis,Die,Bedürfnisse,Need
Die,Hoffnung,Die,Hoffnungen,Hope
Der,See,Die,Seen,Lake
Die,Brust,Die,Brüste,Breast
Die,Überraschung,Die,Überraschungen,Surprise
Das,Interesse,,,Interest
Der,Boden,Die,Böden,Bottom
Der,Geist,Die,Geister,Spirit
Der,Block,Die,Blöcke,Block
Die,Sprache,Die,Sprachen,Language
Die,Brücke,Die,Brücken,Bridge
Der,Staub,,,Dust
Die,Zelle,Die,Zellen,Cell
Der,Wein,Die,Weine,Wine
Der,Stiefel,Die,Stiefel,Boot
Die,Wahl,Die,Wahlen,Choice
Die,Reihe,Die,Reihen,Row
Das,Gespräch,Die,Gespräche,Talk
Das,Flugzeug,Die,Flugzeuge,Plane
Die,Uhr,Die,Uhren,Watch
Die,Information,Die,Informationen,Information
Die,Großmutter,,,Grandmother
Der,Flügel,Die,Flügel,Wing
Der,Bob,Die,Bobs,Bob
Der,Club,Die,Clubs,Club
Der,Meister,Die,Meister,Master
Die,Gnade,Die,Gnaden,Grace
Der,Wald,Die,Wälder,Forest
Die,Größe,Die,Größen,Size
Der,Satz,Die,Sätze,Set
Die,Ehe,Die,Ehen,Marriage
Die,Stirn,Die,Stirnen,Forehead
Der,Sturm,Die,Stürme,Storm
Der,Durchgang,Die,Durchgänge,Doorway
Die,Situation,Die,Situationen,Situation
Die,Theke,Die,Theken,Counter
Der,Nachbar,Die,Nachbarn,Neighbor
Das,Foto,Die,Fotos,Photo
Die,Bühne,Die,Bühnen,Stage
Das,Treffen,Die,Treffen,Meeting
Die,Krankenschwester,Die,Krankenschwestern,Nurse
Die,Sicherheit,Die,Sicherheiten,Security
Die,Waffe,Die,Waffen,Weapon
Das,Ereignis,Die,Ereignisse,Event
Die,Decke,Die,Decken,Ceiling
Der,Motor,Die,Motoren,Engine
Das,Geschenk,Die,Geschenke,Gift
Das,Restaurant,Die,Restaurants,Restaurant
Das,Brett,Die,Bretter,Board
Der,Flur,Die,Flure,Hallway
Die,Armee,,,Army
Der,Aufwand,Die,Aufwände,Effort
Der,Osten,,,East
Der,Agent,Die,Agenten,Agent
Die,Zukunft,Die,Zukunft,Future
Die,Hose,Die,Hosen,Pant
Das,Leder,,,Leather
Der,Flug,Die,Flüge,Flight
Der,Sex,,,Sex
Das,Gericht,Die,Gerichte,Court
Der,Kurs,Die,Kurse,Course
Der,Schmutz,,,Dirt
Das,Ei,Die,Eier,Egg
Das,Kinn,Die,Kinne,Chin
Der,Fremde,Die,Fremden,Stranger
Das,Vergnügen,Die,Vergnügen,Pleasure
Das,Detail,Die,Details,Detail
Die,Besatzung,Die,Besatzungen,Crew
Der,Herbst,Die,Fälle,Fall
Der,Gast,Die,Gäste,Guest
Die,Erfahrung,Die,Erfahrungen,Experience
Der,Witz,Die,Witze,Joke
Der,Sand,,,Sand
Die,Faust,Die,Fäuste,Fist
Die,Aktion,Die,Aktionen,Action
Der,Spaziergang,Die,Spaziergänge,Walk
Die,Hochzeit,Die,Hochzeiten,Wedding
Das,Geschäft,Die,Geschäfte,Deal
Die,Natur,,,Nature
Der,Planet,Die,Planeten,Planet
Der,Cousin,Die,Cousins,Cousin
Die,Bewegung,Die,Bewegungen,Movement
Das,Fleisch,,,Flesh
Der,Rekord,Die,Rekorde,Record
Das,Lager,Die,Lager,Camp
Die,Zeitung,Die,Zeitungen,Newspaper
Der,Strahl,Die,Strahlen,Ray
Der,Mensch,Die,Menschen,Human
Die,Couch,Die,Couches,Couch
Die,Bewegung,Die,Bewegungen,Motion
Der,Großvater,Die,Großväter,Grandfather
Das,Foto,Die,Fotos,Photograph
Das,Geheimnis,Die,Geheimnisse,Secret
Die,Schönheit,Die,Schönheiten,Beauty
Die,Anwesenheit,,,Presence
Die,Glocke,Die,Glocken,Bell
Das,Volk,,,Folk
Der,Knopf,Die,Knöpfe,Button
Die,Liste,Die,Listen,List
Das,Level,Die,Level,Level
Das,Datum,Die,Daten,Date
Das,Fach,Die,Fächer,Subject
Der,Unterschied,Die,Unterschiede,Difference
Die,Pause,Die,Pausen,Pause
Der,Lieferwagen,Die,Lieferwagen,Van
Die,Klinge,Die,Klingen,Blade
Das,Fernsehen,Die,Fernseher,Television
Die,Abdeckung,Die,Abdeckungen,Cover
Die,Vergangenheit,,,Past
Die,Farm,Die,Farmen,Farm
Der,Schoß,Die,Schoß,Lap
Die,Band,Die,Bands,Band
Der,Anwalt,Die,Anwälte,Lawyer
Das,Magazin,Die,Magazine,Magazine
Der,Ast,Die,Äste,Branch
Der,Rahmen,Die,Rahmen,Frame
Das,Deck,Die,Decks,Deck
Die,Wirkung,Die,Wirkungen,Effect
Der,Tanz,Die,Tänze,Dance
Die,Vision,Die,Visionen,Vision
Das,Geist,Die,Geister,Ghost
Der,Hintern,Die,Hintern,Ass
Der,Charakter,Die,Charaktere,Character
Der,Blick,Die,Blicke,Glance
Der,Abschied,,,Goodbye
Das,Parken,,,Parking
Das,Frühstück,Die,Frühstücke,Breakfast
Die,Geste,Die,Gesten,Gesture
Das,Glück,,,Luck
Die,Decke,Die,Decken,Blanket
Das,Gas,,,Gas
Der,Korridor,Die,Korridore,Corridor
Der,Professor,Die,Professoren,Professor
Das,Stück,Die,Stücke,Play
Der,Fehler,Die,Fehler,Mistake
Die,Universität,Die,Universitäten,University
Der,Ozean,Die,Ozeane,Ocean
Das,Jahrhundert,Die,Jahrhunderte,Century
Der,Honig,,,Honey
Der,Stapel,Die,Stapel,Pile
Die,Schüssel,Die,Schüsseln,Bowl
Die,Basis,Die,Basen,Base
Der,Zaun,Die,Zäune,Fence
Die,Regel,Die,Regeln,Rule
Das,Lachen,,,Laughter
Der,Ärger,,,Anger
Der,Schweiß,,,Sweat
Der,Unfall,Die,Unfälle,Accident
Das,Wetter,,,Weather
Die,Entscheidung,Die,Entscheidungen,Decision
Der,Engel,Die,Engel,Angel
Die,Stärke,Die,Stärken,Strength
Das,Huhn,Die,Hühner,Chicken
Das,Studium,Die,Studien,Study
Das,Band,Die,Bänder,Tape
Das,Handgelenk,Die,Handgelenke,Wrist
Der,Halt,Die,Halte,Stop
Die,Hüfte,Die,Hüften,Hip
Die,Regierung,Die,Regierungen,Government
Der,Bauch,Die,Bäuche,Belly
Die,Königin,Die,Königinnen,Queen
Der,Bericht,Die,Berichte,Report
Der,Schwanz,Die,Schwänze,Tail
Die,Pflanze,Die,Pflanzen,Plant
Die,Flamme,Die,Flammen,Flame
Der,Himmel,Die,Himmel,Heaven
Der,Gürtel,Die,Gürtel,Belt
Die,Nachbarschaft,Die,Nachbarschaften,Neighborhood
Die,Energie,,,Energy
Das,Grün,,,Green
Das,Viertel,Die,Viertel,Quarter
Der,Feind,Die,Feinde,Enemy
Der,Zug,Die,Züge,Move
Der,Eingang,Die,Eingänge,Entrance
Die,Bibliothek,Die,Bibliotheken,Library
Der,Schriftsteller,Die,Schriftsteller,Writer
Der,Frieden,,,Peace
Die,Berührung,Die,Berührungen,Touch
Der,Topf,Die,Töpfe,Pot
Die,Art,,,Type
Die,Ursache,Die,Ursachen,Cause
Das,Seil,Die,Seile,Rope
Der,Muskel,Die,Muskeln,Muscle
Das,Gemälde,Die,Gemälde,Painting
Der,Vorhang,Die,Vorhänge,Curtain
Die,Mahlzeit,Die,Mahlzeiten,Meal
Der,Akt,Die,Akte,Act
Der,Wolf,Die,Wölfe,Wolf
Die,Kabine,Die,Kabinen,Cabin
Die,Gebühr,Die,Gebühren,Charge
Die,Uhr,Die,Uhren,Clock
Der,Passagier,Die,Passagiere,Passenger
Der,Kumpel,Die,Kumpel,Buddy
Das,Medikament,Die,Medikamente,Drug
Die,Verwendung,Die,Verwendungen,Use
Die,Bank,Die,Bänke,Bench
Der,Verkehr,,,Traffic
Die,Erleichterung,,,Relief
Die,Mütze,Die,Mützen,Cap
Das,Pack,Die,Packs,Pack
Das,Wochenende,Die,Wochenenden,Weekend
Der,Stand,Die,Stände,Stand
Der,Aufzug,Die,Aufzüge,Elevator
Der,Geburtstag,Die,Geburtstage,Birthday
Die,Lilie,Die,Lilien,Lily
Das,Eisen,Die,Eisen,Iron
Das,Fleisch,,,Meat
Die,Augenbraue,Die,Augenbrauen,Eyebrow
Die,Antwort,Die,Antworten,Response
Die,Geschwindigkeit,Die,Geschwindigkeiten,Speed
Der,Zweck,Die,Zwecke,Purpose
Der,Rock,Die,Röcke,Skirt
Das,Quadrat,Die,Quadrate,Square
Die,Fahrt,Die,Fahrten,Drive
Der,Artikel,Die,Artikel,Article
Das,Englisch,,,English
Der,Turm,Die,Türme,Tower
Die,Schlacht,Die,Schlachten,Battle
Der,Film,Die,Filme,Film
Das,Rennen,Die,Rennen,Race
Der,Schock,Die,Schocks,Shock
Die,Sektion,Die,Sektionen,Section
Die,Art,,,Manner
Das,Schwert,Die,Schwerter,Sword
Der,Stock,Die,Stöcke,Stick
Die,Datei,Die,Dateien,File
Das,Brot,,,Bread
Das,Öl,,,Oil
Die,Kette,Die,Ketten,Chain
Die,Abteilung,Die,Abteilungen,Department
Das,Projekt,Die,Projekte,Project
Der,Mord,Die,Morde,Murder
Der,Bär,Die,Bären,Bear
Der,Test,Die,Tests,Test
Der,Besuch,Die,Besuche,Visit
Die,Milch,,,Milk
Der,Chef,Die,Chefs,Boss
Der,Ellenbogen,Die,Ellenbogen,Elbow
Das,Verlangen,,,Desire
Der,Patient,Die,Patienten,Patient
Das,Grinsen,,,Grin
Der,Liebhaber,Die,Liebhaber,Lover
Der,Preis,Die,Preise,Price
Die,Karte,Die,Karten,Map
Das,Wissen,,,Knowledge
Der,Anfang,Die,Anfänge,Beginning
Die,Kälte,,,Cold
Der,Schrank,Die,Schränke,Closet
Die,Morgendämmerung,Die,Morgendämmerungen,Dawn
Der,Tempel,Die,Tempel,Temple
Die,Freude,,,Joy
Die,Pflicht,Die,Pflichten,Duty
Die,Übung,Die,Übungen,Practice
Der,Absatz,Die,Absätze,Heel
Das,Tal,Die,Täler,Valley
Der,Kampf,Die,Kämpfe,Fight
Das,Kabel,Die,Kabel,Wire
Die,Jeans,,,Jeans
Der,Kuss,Die,Küsse,Kiss
Der,Kiefer,Die,Kiefer,Jaw
Der,Lauf,Die,Läufe,Run
Das,Halten,Die,Halten,Hold
Die,Beziehung,Die,Beziehungen,Relationship
Das,Objekt,Die,Objekte,Object
Der,Angriff,Die,Angriffe,Attack
Das,Gericht,Die,Gerichte,Dish
Die,Autobahn,Die,Autobahnen,Highway
Der,Schatten,Die,Schatten,Shade
Das,Verbrechen,Die,Verbrechen,Crime
Das,Weiß,,,White
Der,Partner,Die,Partner,Partner
Der,Priester,Die,Priester,Priest
Der,Rasen,Die,Rasen,Lawn
Das,Lachen,,,Laugh
Der,Stamm,Die,Stämme,Trunk
Das,Weinen,Die,Weinen,Cry
Das,Programm,Die,Programme,Program
Die,Fahrt,Die,Fahrten,Ride
Das,Regal,Die,Regale,Shelf
Der,Herr,Die,Herren,Gentleman
Das,Wesen,Die,Wesen,Being
Der,Stahl,,,Steel
Der,Bürgersteig,Die,Bürgersteige,Sidewalk
Die,Uniform,Die,Uniformen,Uniform
Das,Muster,Die,Muster,Pattern
Der,Beweis,Die,Beweise,Evidence
Der,Spieler,Die,Spieler,Player
Der,Roman,Die,Romane,Novel
Das,Kissen,Die,Kissen,Pillow
Die,Lampe,Die,Lampen,Lamp
Die,Schublade,Die,Schubladen,Drawer
Die,Gefahr,Die,Gefahren,Danger
Der,Detektiv,Die,Detektive,Detective
Der,Augenblick,Die,Augenblicke,Instant
Das,Denken,,,Thinking
Der,Riss,Die,Risse,Crack
Das,Gebet,Die,Gebete,Prayer
Das,Handtuch,Die,Handtücher,Towel
Der,Handschuh,Die,Handschuhe,Glove
Die,Bucht,Die,Buchten,Bay
Das,Publikum,,,Audience
Die,Dose,Die,Dosen,Can
Der,Zustand,Die,Zustände,Condition
Der,Pfad,Die,Pfade,Trail
Die,Taille,Die,Taillen,Waist
Der,Druck,Die,Drücke,Pressure
Das,Telefon,Die,Telefone,Telephone
Das,Waschbecken,Die,Waschbecken,Sink
Die,Rückkehr,Die,Rückkehr,Return
Die,Brise,Die,Brisen,Breeze
Der,Geschmack,Die,Geschmäcker,Taste
Der,Fehler,Die,Fehler,Fault
Der,Strom,Die,Ströme,Stream
Das,Ergebnis,Die,Ergebnisse,Result
Der,Autor,Die,Autoren,Author
Der,Tipp,Die,Tipps,Tip
Die,Dusche,Die,Duschen,Shower
Die,Zehe,Die,Zehen,Toe
Die,Jahreszeit,Die,Jahreszeiten,Season
Die,Hälfte,Die,Hälften,Half
Der,Narr,Die,Narren,Fool
Der,Tunnel,Die,Tunnel,Tunnel
Der,Kunde,Die,Kunden,Client
Die,Garage,Die,Garagen,Garage
Die,Mission,Die,Missionen,Mission
Der,Chef,Die,Chefs,Chief
Die,Kugel,Die,Kugeln,Bullet
Der,Markt,Die,Märkte,Market
Der,Verlust,Die,Verluste,Loss
Die,Serie,Die,Serien,Series
Der,Stift,Die,Stifte,Pen
Der,Begriff,Die,Begriffe,Term
Das,Gedicht,Die,Gedichte,Poem
Der,Prinz,Die,Prinzen,Prince
Der,Ton,Die,Tone,Clay
Das,Schloss,Die,Schlösser,Lock
Die,Realität,Die,Realitäten,Reality
Die,Schlange,Die,Schlangen,Snake
Der,Apfel,Die,Äpfel,Apple
Die,Maske,Die,Masken,Mask
Der,Kunde,Die,Kunden,Customer
Die,Geburt,Die,Geburten,Birth
Die,Pause,Die,Pausen,Break
Das,Wunder,Die,Wunder,Wonder
Das,Sonnenlicht,,,Sunlight
Der,Panzer,Die,Panzer,Tank
Das,Personal,,,Staff
Die,Lüge,Die,Lügen,Lie
Der,Glaube,,,Faith
Die,Ehre,,,Honor
Die,Sahne,,,Cream
Der,Grund,,,Sake
Das,Opfer,Die,Opfer,Victim
Die,Möglichkeit,Die,Möglichkeiten,Possibility
Der,Kontakt,Die,Kontakte,Contact
Die,Stimmung,Die,Stimmungen,Mood
Der,Daumen,Die,Daumen,Thumb
Das,Lesen,,,Reading
Der,Spaß,,,Fun
Die,Kerze,Die,Kerzen,Candle
Die,Höhle,Die,Höhlen,Cave
Die,Post,,,Post
Das,Gefängnis,Die,Gefängnisse,Prison
Die,Emotion,Die,Emotionen,Emotion
Der,Führer,Die,Führer,Leader
Der,Abschluss,Die,Abschlüsse,Degree
Das,Merkmal,Die,Merkmale,Feature
Die,Eintrittskarte,Die,Eintrittskarten,Ticket
Das,Alien,Die,Aliens,Alien
Die,Lektion,Die,Lektionen,Lesson
Die,Wüste,Die,Wüsten,Desert
Der,Schnitt,Die,Schnitte,Cut
Das,Durcheinander,,,Mess
Die,Warnung,Die,Warnungen,Warning
Das,Märchen,Die,Märchen,Tale
Die,Beerdigung,Die,Beerdigungen,Funeral
Das,Taxi,Die,Taxis,Cab
Der,Reporter,Die,Reporter,Reporter
Das,Geschenk,Die,Geschenke,Present
Das,Theater,Die,Theater,Theater
Die,Länge,,,Length
Der,Schlamm,,,Mud
Die,Wissenschaft,,,Science
Der,Tropfen,Die,Tropfen,Drop
Die,Schnur,Die,Schnüre,String
Die,Rede,Die,Reden,Speech
Das,Exemplar,Die,Exemplare,Copy
Die,Kuh,Die,Kühe,Cow
Der,Arbeiter,Die,Arbeiter,Worker
Der,Oberschenkel,Die,Oberschenkel,Thigh
Das,Labor,Die,Labore,Lab
Die,Rolle,Die,Rollen,Roll
Die,Frucht,Die,Früchte,Fruit
Das,Patch,Die,Patches,Patch
Die,Seide,,,Silk
Der,Dollar,Die,Dollars,Buck
Der,Ziegel,Die,Ziegel,Brick
Das,Gewehr,Die,Gewehre,Rifle
Die,Karriere,Die,Karrieren,Career
Die,Ausgabe,Die,Ausgaben,Issue
Die,Gelegenheit,Die,Gelegenheiten,Opportunity
Der,Regisseur,Die,Regisseure,Director
Das,Monster,Die,Monster,Monster
Das,Fahrzeug,Die,Fahrzeuge,Vehicle
Die,Gasse,Die,Gassen,Alley
Der,Ärmel,Die,Ärmel,Sleeve
Das,Grab,Die,Gräber,Grave
Der,Busch,Die,Büsche,Bush
Das,Esszimmer,,,Dining
Die,Öffnung,Die,Öffnungen,Opening
Das,Zwilling,Die,Zwillinge,Twin
Die,Scheune,Die,Scheunen,Barn
Das,Pfund,Die,Pfunde,Pound
Die,Seite,Die,Seiten,Site
Der,Blitz,Die,Blitze,Flash
Der,Richter,Die,Richter,Judge
Die,Masse,Die,Massen,Mass
Der,Prozess,Die,Prozesse,Process
Die,Krawatte,Die,Krawatten,Tie
Die,Geldbörse,Die,Geldbörsen,Purse
Die,Pfeife,Die,Pfeifen,Pipe
Der,Drache,Die,Drachen,Dragon
Der,Horizont,Die,Horizonte,Horizon
Das,Tablett,Die,Tabletts,Tray
Der,Umschlag,Die,Umschläge,Envelope
Der,Scheck,Die,Schecks,Check
Der,Erwachsene,Die,Erwachsenen,Adult
Der,Notfall,Die,Notfälle,Emergency
Das,Material,Die,Materialien,Material
Die,Kindheit,,,Childhood
Die,Gewohnheit,Die,Gewohnheiten,Habit
Der,Künstler,Die,Künstler,Artist
Die,Adresse,Die,Adressen,Address
Der,Duft,Die,Düfte,Scent
Das,Universum,Die,Universen,Universe
Das,Nicken,,,Nod
Die,Muschel,Die,Muscheln,Shell
Die,Gemeinschaft,Die,Gemeinschaften,Community
Der,Start,Die,Starts,Start
Die,Wunde,Die,Wunden,Wound
Die,Maus,Die,Mäuse,Mouse
Der,Pilot,Die,Piloten,Pilot
Die,Note,Die,Noten,Grade
Das,Video,Die,Videos,Video
Der,Korb,Die,Körbe,Basket
Der,Waggon,Die,Waggons,Wagon
Der,Versuch,Die,Versuche,Attempt
Das,Sofa,Die,Sofas,Sofa
Der,Kuchen,Die,Kuchen,Cake
Der,Kerl,Die,Kerle,Fellow
Die,Angelegenheit,Die,Angelegenheiten,Affair
Die,Küste,Die,Küsten,Shore
Der,General,Die,Generäle,General
Die,Wurzel,Die,Wurzeln,Root
Der,Umhang,Die,Umhänge,Robe
Die,Sorge,Die,Sorgen,Concern
Die,Presse,,,Press
Die,Ratte,Die,Ratten,Rat
Die,Gesellschaft,Die,Gesellschaften,Society
Der,Stil,Die,Stile,Style
Der,Bezirk,Die,Bezirke,County
Der,Befehl,Die,Befehle,Command
Der,Besucher,Die,Besucher,Visitor
Das,Modell,Die,Modelle,Model
Die,Kammer,Die,Kammern,Chamber
Das,Tier,Die,Tiere,Beast
Der,Strauß,Die,Sträuße,Bunch
Der,Hintergrund,Die,Hintergründe,Background
Die,Einheit,Die,Einheiten,Unit
Das,Möbel,Die,Möbel,Furniture
Der,Nagel,Die,Nägel,Nail
Der,Schrei,Die,Schreie,Scream
Das,Eigentum,,,Property
Die,Ausrüstung,,,Equipment
Die,Auffahrt,Die,Auffahrten,Driveway
Der,Griff,Die,Griffe,Grip
Die,Röhre,Die,Röhren,Tube
Die,Asche,Die,Aschen,Ash
Der,Ventilator,Die,Ventilatoren,Fan
Die,Meinung,Die,Meinungen,Opinion
Die,Daten,,,Data
Die,Verbindung,Die,Verbindungen,Connection
Der,Trick,Die,Tricks,Trick
Das,Geheimnis,Die,Geheimnisse,Mystery
Die,Periode,Die,Perioden,Period
Die,Schrift,Die,Schriften,Writing
Der,Horror,,,Horror
Die,Süßigkeiten,,,Candy
Die,Hündin,Die,Hündinnen,Bitch
Die,Gesundheit,,,Health
Der,Manager,Die,Manager,Manager
Die,Sicherheit,,,Safety
Die,Höhe,Die,Höhen,Height
Das,Aussehen,,,Appearance
Der,Seufzer,Die,Seufzer,Sigh
Die,Mine,Die,Minen,Mine
Der,Stoff,Die,Stoffe,Cloth
Die,Reaktion,Die,Reaktionen,Reaction
Die,Quelle,Die,Quellen,Source
Das,Selbst,,,Self
Die,Pistole,Die,Pistolen,Pistol
Der,Flughafen,Die,Flughäfen,Airport
Der,Held,Die,Helden,Hero
Das,Versprechen,Die,Versprechen,Promise
Der,Bogen,Die,Bögen,Bow
Das,Zelt,Die,Zelte,Tent
Der,Stand,Die,Stände,Booth
Das,Bargeld,,,Cash
Die,Allee,Die,Alleen,Avenue
Das,T-Shirt,Die,T-Shirts,TShirt
Der,Teppich,Die,Teppiche,Carpet
Der,Keller,Die,Keller,Basement
Die,Freundin,Die,Freundinnen,Girlfriend
Der,Bart,Die,Bärte,Beard
Die,Augenbraue,Die,Augenbrauen,Brow
Der,Bildschirm,Die,Bildschirme,Display
Das,Signal,Die,Signale,Signal
Der,Diener,Die,Diener,Servant
Das,Flüstern,Die,Flüster,Whisper
Der,Zweifel,Die,Zweifel,Doubt
Das,Konto,Die,Konten,Account
Die,Magie,,,Magic
Der,Klumpen,Die,Klumpen,Hank
Das,Glied,Die,Glieder,Limb
Der,Bastard,Die,Bastarde,Bastard
Der,Schädel,Die,Schädel,Skull
Der,Satz,Die,Sätze,Sentence
Der,Kragen,Die,Kragen,Collar
Das,Horn,Die,Hörner,Horn
Die,Eiche,Die,Eichen,Oak
Der,Knöchel,Die,Knöchel,Ankle
Die,Puppe,Die,Puppen,Doll
Das,Sandwich,Die,Sandwiches,Sandwich
Der,Rotkehlchen,Die,Rotkehlchen,Robin
Die,Gerechtigkeit,,,Justice
Der,Stolz,,,Pride
Die,Jugend,,,Youth
Der,Sekretär,Die,Sekretäre,Secretary
Die,Forschung,,,Research
Der,Sport,Die,Sportarten,Sport
Die,Aufgabe,Die,Aufgaben,Task
Das,Stipendium,Die,Stipendien,Grant
Der,Sheriff,Die,Sheriffs,Sheriff
Die,Mitternacht,,,Midnight
Der,Chip,Die,Chips,Chip
Die,Theorie,Die,Theorien,Theory
Der,Alarm,Die,Alarme,Alarm
Die,Sammlung,Die,Sammlungen,Collection
Das,Kreuz,Die,Kreuze,Cross
Die,Kiefer,Die,Kiefern,Pine
Die,Generation,Die,Generationen,Generation
Die,Autorität,Die,Autoritäten,Authority
Der,Papa,Die,Papas,Papa
Die,Reise,Die,Reisen,Journey
Die,Perle,Die,Perlen,Pearl
Die,Toilette,Die,Toiletten,Toilet
Der,Mörder,Die,Mörder,Killer
Das,Werkzeug,Die,Werkzeuge,Tool
Die,Medizin,Die,Medizinen,Medicine
Der,Zucker,,,Sugar
Die,Prinzessin,Die,Prinzessinnen,Princess
Das,Argument,Die,Argumente,Argument
Die,Klippe,Die,Klippen,Cliff
Der,Wagen,Die,Wagen,Cart
Der,Kristall,Die,Kristalle,Crystal
Die,Bohne,Die,Bohnen,Bean
Der,Käfig,Die,Käfige,Cage
Die,Schokolade,,,Chocolate
Die,Küste,Die,Küsten,Coast
Das,Jahrzehnt,Die,Jahrzehnte,Decade
Die,Bedeutung,Die,Bedeutungen,Meaning
Das,Getriebe,Die,Getriebe,Gear
Der,Koffer,Die,Koffer,Suitcase
Die,Operation,Die,Operationen,Operation
Das,Atmen,,,Breathing
Die,Rolle,Die,Rollen,Role
Die,Version,Die,Versionen,Version
Der,Gefangene,Die,Gefangenen,Prisoner
Das,Spiel,Die,Spiele,Match
Der,Strahl,Die,Strahlen,Beam
Das,Schloss,Die,Schlösser,Castle
Der,Rausch,Die,Räusche,Rush
Die,Fahrspur,Die,Fahrspuren,Lane
Die,Kleidung,,,Clothing
Der,Pfahl,Die,Pfähle,Pole
Die,Freiheit,,,Freedom
Die,Fähigkeit,Die,Fähigkeiten,Skill
Die,Leidenschaft,Die,Leidenschaften,Passion
Die,Aktivität,Die,Aktivitäten,Activity
Der,Fick,Die,Ficks,Fuck
Die,Plattform,Die,Plattformen,Platform
Das,Salz,,,Salt
Das,Fahrrad,Die,Fahrräder,Bike
Der,Stapel,Die,Stapel,Stack
Der,Begleiter,Die,Begleiter,Companion
Das,Schicksal,,,Fate
Die,Wut,Die,Wut,Rage
Die,Versorgung,Die,Versorgungen,Supply
Der,Wal,Die,Wale,Whale
Das,Schwein,Die,Schweine,Pig
Das,Kaninchen,Die,Kaninchen,Rabbit
Der,Gang,Die,Gänge,Aisle
Der,Monitor,Die,Monitore,Monitor
Der,Helm,Die,Helme,Helmet
Der,Respekt,,,Respect
Die,Aufregung,,,Excitement
Die,Lobby,Die,Lobbys,Lobby
Der,Freund,Die,Freunde,Boyfriend
Der,Pelz,Die,Felle,Fur
Die,Bandbreite,Die,Bandbreiten,Range
Der,Schwanz,Die,Schwänze,Dick
Der,Code,Die,Codes,Code
Das,Kapitel,Die,Kapitel,Chapter
Die,Reflexion,Die,Reflexionen,Reflection
Die,Post,Die,Mails,Mail
Die,Fliege,Die,Fliegen,Fly
Der,Schrank,Die,Schränke,Cabinet
Das,Spielzeug,Die,Spielzeuge,Toy
Der,Baseball,Die,Baseballs,Baseball
Das,Innere,,,Inside
Das,Tempo,,,Pace
Der,Griff,Die,Griffe,Handle
Das,Blei,,,Lead
Die,Menge,Die,Mengen,Amount
Der,Nerv,Die,Nerven,Nerve
Der,Terror,,,Terror
Der,Pullover,Die,Pullover,Sweater
Die,Qualität,Die,Qualitäten,Quality
Der,Jäger,Die,Jäger,Hunter
Die,Farbe,Die,Farben,Paint
Der,Zerstörer,Die,Zerstörer,Buster
Die,Baumwolle,,,Cotton
Der,Feldwebel,Die,Feldwebel,Sergeant
Der,Kredit,Die,Kredite,Credit
Der,Schlag,Die,Schläge,Blow
Der,Teufel,Die,Teufel,Devil
Die,Bedrohung,Die,Bedrohungen,Threat
Der,Erfolg,Die,Erfolge,Success
Der,Abend,Die,Abende,Eve
Das,Kabel,Die,Kabel,Cable
Die,Pfanne,Die,Pfannen,Pan
Der,Angestellte,Die,Angestellten,Clerk
Der,Titel,Die,Titel,Title
Der,Meter,Die,Meter,Meter
Die,Schande,,,Shame
Die,Nadel,Die,Nadeln,Needle
Die,Lunge,Die,Lungen,Lung
Der,Krieger,Die,Krieger,Warrior
Die,Umstände,,,Circumstance
Das,Studio,Die,Studios,Studio
Die,Panik,,,Panic
Der,Mangel,,,Lack
Der,Bauer,Die,Bauern,Farmer
Der,Akzent,Die,Akzente,Accent
Die,Bombe,Die,Bomben,Bomb
Das,Panel,Die,Panels,Panel
Die,Fähigkeit,Die,Fähigkeiten,Ability
Das,Glück,,,Fortune
Der,Sieger,Die,Sieger,Victor
Die,Feder,Die,Federn,Feather
Die,Oma,Die,Omas,Grandma
Das,Leuchten,Die,Leuchten,Glow
Das,Verhalten,,,Behavior
Der,Durchgang,Die,Durchgänge,Passage
Der,Sklave,Die,Sklaven,Slave
Der,Leutnant,Die,Leutnants,Lieutenant
Das,Fass,Die,Fässer,Barrel
Die,Wärme,,,Warmth
Der,Eindruck,Die,Eindrücke,Impression
Der,Maurer,Die,Maurer,Mason
Die,Braut,Die,Bräute,Bride
Das,Paket,Die,Pakete,Package
Der,Nebel,,,Fog
Das,Gehen,,,Walking
Das,Gleichgewicht,,,Balance
Die,Socke,Die,Socken,Sock
Der,Roboter,Die,Roboter,Robot
Die,Kartoffel,Die,Kartoffeln,Potato
Der,Gegenstand,Die,Gegenstände,Item
Das,Bad,Die,Bäder,Bath
Der,Diamant,Die,Diamanten,Diamond
Die,Leiche,Die,Leichen,Corpse
Die,Erklärung,Die,Erklärungen,Explanation
Die,Struktur,Die,Strukturen,Structure
Der,Ausgang,Die,Ausgänge,Exit
Das,Kissen,Die,Kissen,Pad
Der,Herd,Die,Herde,Stove
Das,Blau,,,Blue
Der,Amerikaner,Die,Amerikaner,American
Der,Rubin,Die,Rubine,Ruby
Das,Blitz,Die,Blitze,Lightning
Die,Grube,Die,Gruben,Pit
Der,Oberst,Die,Obersten,Colonel
Der,Hafen,Die,Häfen,Dock
Der,Bach,Die,Bäche,Creek
Der,Rat,Die,Ratschläge,Advice
Der,Tourist,Die,Touristen,Tourist
Die,Trauer,,,Grief
Die,Verteidigung,,,Defense
Der,Biss,Die,Bisse,Bite
Das,Museum,Die,Museen,Museum
Der,Gefallen,Die,Gefallen,Favor
Das,Abendessen,,,Supper
Der,Komfort,,,Comfort
Der,Dekan,,,Dean
Der,Wert,Die,Werte,Value
Der,Marsch,Die,Märsche,March
Das,Anwesen,Die,Anwesen,Estate
Der,Dichter,Die,Dichter,Poet
Der,Palast,Die,Paläste,Palace
Die,Suppe,Die,Suppen,Soup
Die,Nation,Die,Nationen,Nation
Das,Glas,Die,Gläser,Jar
Der,Stand,,,Standing
Der,Sack,Die,Säcke,Sack
Der,Dämon,Die,Dämonen,Demon
Die,Konferenz,Die,Konferenzen,Conference
Der,Saft,Die,Säfte,Juice
Die,Verantwortung,,,Responsibility
Die,Bürste,Die,Bürsten,Brush
Die,Route,Die,Routen,Route
Der,Käse,Die,Käse,Cheese
Die,Motorhaube,Die,Motorhauben,Hood
Die,Ente,Die,Enten,Duck
Der,Heilige,Die,Heiligen,Saint
Der,Pass,Die,Pässe,Pass
Das,Ziel,Die,Ziele,Target
Die,Orange,Die,Orangen,Orange
Die,Kultur,Die,Kulturen,Culture
Die,Tour,Die,Touren,Tour
Der,Kommandant,Die,Kommandanten,Commander
Der,Haken,Die,Haken,Hook
Der,Nebel,,,Mist
Das,Training,Die,Trainings,Training
Die,Suche,Die,Suchen,Search
Die,Münze,Die,Münzen,Coin
Das,Wunder,Die,Wunder,Miracle
Der,Vorteil,Die,Vorteile,Advantage
Der,Austausch,Die,Austausche,Exchange
Die,Fiktion,,,Fiction
Der,Teich,Die,Teiche,Pond
Der,Assistent,Die,Assistenten,Assistant
Das,Design,Die,Designs,Design
Das,Angeln,,,Fishing
Der,Hang,Die,Hänge,Slope
Der,Graf,Die,Grafen,Earl
Der,Kommentar,Die,Kommentare,Comment
Der,Kellner,Die,Kellner,Waiter
Der,Lebensmittel,Die,Lebensmittel,Grocery
Die,Leiter,Die,Leitern,Ladder
Die,Kurve,Die,Kurven,Curve
Das,Volumen,Die,Volumina,Volume
Das,Risiko,Die,Risiken,Risk
Der,Albtraum,Die,Albträume,Nightmare
Die,Existenz,,,Existence
Die,Spur,Die,Spuren,Trace
Die,Krankheit,Die,Krankheiten,Disease
Die,Unterstützung,,,Support
Der,Zeuge,Die,Zeugen,Witness
Der,Bestand,Die,Bestände,Stock
Das,Gerät,Die,Geräte,Device
Die,Landschaft,Die,Landschaften,Landscape
Der,Feiertag,Die,Feiertage,Holiday
Das,Ass,Die,Asse,Ace
Das,Klavier,Die,Klaviere,Piano
Der,Darm,,,Gut
Das,Talent,Die,Talente,Talent
Die,Fantasie,,,Imagination
Das,Schwarz,,,Black
Der,Rohrkolben,Die,Rohrkolben,Reed
Der,Deckel,Die,Deckel,Lid
Der,Hinweis,Die,Hinweise,Hint
Der,Spaziergänger,Die,Spaziergänger,Walker
Das,Schaudern,,,Chill
Der,Prozess,Die,Prozesse,Trial
Das,Interview,Die,Interviews,Interview
Der,Ansatz,Die,Ansätze,Approach
Die,Narbe,Die,Narben,Scar
Die,Mode,,,Fashion
Der,Kanal,Die,Kanäle,Channel
Der,Fußabdruck,Die,Fußabdrücke,Footstep
Der,Pick-up,Die,Pick-ups,Pickup
Der,Habicht,Die,Habichte,Hawk
Der,Anhänger,Die,Anhänger,Trailer
Die,Statue,Die,Statuen,Statue
Die,Pille,Die,Pillen,Pill
Der,Käfer,Die,Käfer,Bug
Der,Eimer,Die,Eimer,Bucket
Der,Urlaub,Die,Urlaube,Vacation
Die,Art,Die,Arten,Species
Die,Säule,Die,Säulen,Column
Der,Schaden,,,Damage
Das,Instrument,Die,Instrumente,Instrument
Der,Hafen,Die,Häfen,Port
Die,Schicht,Die,Schichten,Layer
Der,Streifen,Die,Streifen,Strip
Der,Müll,,,Garbage
Die,Rippe,Die,Rippen,Rib
Das,Notizbuch,Die,Notizbücher,Notebook
Der,Mais,,,Corn
Das,Angebot,Die,Angebote,Offer
Die,Zeichnung,Die,Zeichnungen,Drawing
Die,Aussage,Die,Aussagen,Statement
Die,Intelligenz,,,Intelligence
Die,Entschuldigung,Die,Entschuldigungen,Excuse
Die,Landung,Die,Landungen,Landing
Das,Urheberrecht,,,Copyright
Die,Stange,Die,Stangen,Rod
Die,Fantasie,Die,Fantasien,Fantasy
Die,Neugierde,,,Curiosity
Das,Gewand,Die,Gewänder,Gown
Die,Grenze,Die,Grenzen,Border
Die,Poesie,,,Poetry
Die,Firma,Die,Firmen,Firm
Der,Anstieg,Die,Anstiege,Rise
Die,Handvoll,Die,Handvoll,Handful
Das,Porzellan,,,China
Der,Franzose,Die,Franzosen,French
Der,Durchschnitt,Die,Durchschnitte,Mean
Das,Reh,Die,Rehe,Deer
Der,Druck,Die,Drucke,Print
Die,Schiene,Die,Schienen,Rail
Der,Tarif,Die,Tarife,Rate
Der,Mut,,,Courage
Die,Ankunft,Die,Ankünfte,Arrival
Der,Wunsch,Die,Wünsche,Wish
Der,Bergrücken,Die,Bergrücken,Ridge
Der,Idiot,Die,Idioten,Idiot
Der,Stier,Die,Stiere,Bull
Der,Samen,Die,Samen,Seed
Der,Fortschritt,,,Progress
Das,Gefühl,Die,Gefühle,Feel
Die,kurze,,,Shorts
Der,Bürger,Die,Bürger,Citizen
Der,Müll,,,Trash
Der,Baumstamm,Die,Baumstämme,Log
Die,Geduld,,,Patience
Die,Fledermaus,Die,Fledermäuse,Bat
Der,Fußball,Die,Fußbälle,Football
Die,Routine,Die,Routinen,Routine
Die,Explosion,Die,Explosionen,Explosion
Der,Inhalt,Die,Inhalte,Content
Der,Wissenschaftler,Die,Wissenschaftler,Scientist
Das,Versagen,Die,Versagen,Failure
Die,Sünde,Die,Sünden,Sin
Der,Hintern,Die,Hintern,Butt
Die,Verwirrung,,,Confusion
Das,Verständnis,,,Understanding
Der,Handel,Die,Handel,Trade
Der,Kühlschrank,Die,Kühlschränke,Refrigerator
Der,Herr,Die,Herren,Mister
Die,Taschenlampe,Die,Taschenlampen,Flashlight
Das,Netz,Die,Netze,Net
Der,Matrose,Die,Matrosen,Sailor
Die,Einstellung,Die,Einstellungen,Attitude
Die,Schuld,,,Guilt
Das,Weinen,,,Crying
Der,Schluck,Die,Schlucke,Sip
Das,Reisen,Die,Reisen,Travel
Der,Keks,Die,Kekse,Cookie
Die,Flucht,Die,Fluchten,Escape
Die,Anweisung,Die,Anweisungen,Instruction
Der,Stoff,Die,Stoffe,Fabric
Der,Marmor,Die,Marmore,Marble
Der,Blick,Die,Blicke,Glimpse
Die,Dämmerung,,,Dusk
Die,Hütte,Die,Hütten,Cottage
Der,Affe,Die,Affen,Monkey
Das,Make-up,,,Makeup
Der,Arzt,Die,Ärzte,Doc
Die,Bluse,Die,Blusen,Blouse
Der,Rhythmus,Die,Rhythmen,Rhythm
Der,Dampf,,,Steam
Die,Phrase,Die,Phrasen,Phrase
Die,Mutter,Die,Muttern,Nut
Der,Bleistift,Die,Bleistifte,Pencil
Der,Koch,Die,Köche,Cook
Die,Flagge,Die,Flaggen,Flag
Der,Trainer,Die,Trainer,Coach
Der,Schwung,Die,Schwünge,Swing
Der,Lautsprecher,Die,Lautsprecher,Speaker
Der,Bolzen,Die,Bolzen,Bolt
Das,Fett,Die,Fette,Fat
Der,Teppich,Die,Teppiche,Rug
Das,Klopfen,,,Knock
Der,Zauber,Die,Zauber,Spell
Das,Taxi,Die,Taxis,Taxi
Die,Runde,Die,Runden,Round
Der,Strohhalm,Die,Strohhalme,Straw
Die,Luke,Die,Luken,Hatch
Die,Gabel,Die,Gabeln,Fork
Das,Böse,,,Evil
Die,Dienstmädchen,,,Maid
Der,Verwandte,Die,Verwandten,Relative
Die,Hexe,Die,Hexen,Witch
Der,Innenhof,Die,Innenhöfe,Courtyard
Die,Sensation,Die,Sensationen,Sensation
Die,Blase,Die,Blasen,Bubble
Der,Leser,Die,Leser,Reader
Die,Locke,Die,Locken,Curl
Der,Kuchen,Die,Kuchen,Pie
Das,Düsenflugzeug,Die,Düsenflugzeuge,Jet
Die,Schicht,Die,Schichten,Shift
Die,Union,Die,Unionen,Union
Der,Teenager,Die,Teenager,Teenager
Die,Ebene,Die,Ebenen,Plain
Die,Kellnerin,Die,Kellnerinnen,Waitress
Die,Antwort,Die,Antworten,Reply
Das,Gerücht,Die,Gerüchte,Rumor
Die,Schwerkraft,,,Gravity
Das,Schutz,Die,Schutz,Shelter
Das,Abenteuer,Die,Abenteuer,Adventure
Der,Löwe,Die,Löwen,Lion
Die,Wirbelsäule,Die,Wirbelsäulen,Spine
Das,Vertrauen,Die,Vertrauen,Confidence
Die,Tiefe,Die,Tiefen,Depth
Die,Reichweite,Die,Reichweiten,Reach
Der,Hammer,Die,Hämmer,Hammer
Die,Bibel,Die,Bibeln,Bible
Der,Vertrag,Die,Verträge,Contract
Die,Brieftasche,Die,Brieftaschen,Wallet
Der,Dschungel,Die,Dschungel,Jungle
Die,Fabrik,Die,Fabriken,Factory
Der,Indianer,Die,Indianer,Indian
Der,Balkon,Die,Balkone,Balcony
Der,Reis,,,Rice
Der,Knoten,Die,Knoten,Knot
Das,Kabel,Die,Kabel,Cord
Der,Kollege,Die,Kollegen,Colleague
Die,Absicht,Die,Absichten,Intention
Der,starren,,,Stare
Das,Motel,Die,Motels,Motel
Der,Anwalt,Die,Anwälte,Attorney
Der,Liebling,Die,Lieblinge,Darling
Die,Diskussion,Die,Diskussionen,Discussion
Die,Atmosphäre,Die,Atmosphären,Atmosphere
Die,Aufführung,Die,Aufführungen,Performance
Die,Spannung,Die,Spannungen,Tension
Der,Text,Die,Texte,Text
Der,Strand,Die,Strände,Strand
Der,Mittag,,,Noon
Die,Ader,Die,Adern,Vein
Der,Experte,Die,Experten,Expert
Die,Bande,Die,Banden,Gang
Der,Polizist,Die,Polizisten,Policeman
Der,Krebs,,,Cancer
Der,Fuchs,Die,Füchse,Fox
Die,Scheidung,Die,Scheidungen,Divorce
Der,Puls,Die,Pulse,Pulse
Die,Abwesenheit,,,Absence
Die,Gewalt,,,Violence
Der,Humor,,,Humor
Der,Hocker,Die,Hocker,Stool
Der,Kies,,,Gravel
Der,Schatz,Die,Schätze,Treasure
Die,Butter,,,Butter
Der,Schalter,Die,Schalter,Switch
Die,Zigarre,Die,Zigarren,Cigar
Die,Leinwand,Die,Leinwände,Canvas
Das,Glück,,,Happiness
Der,Führer,Die,Führer,Guide
Die,Stecknadel,Die,Stecknadeln,Pin
Der,Schauspieler,Die,Schauspieler,Actor
Das,Ganze,,,Whole
Die,Anordnung,Die,Anordnungen,Arrangement
Das,Braun,,,Brown
Der,Gastgeber,Die,Gastgeber,Host
Das,Band,Die,Bänder,Ribbon
Der,Schal,Die,Schals,Scarf
Die,Skala,Die,Skalen,Scale
Der,Beweis,Die,Beweise,Proof
Der,Pfeil,Die,Pfeile,Arrow
Die,Temperatur,Die,Temperaturen,Temperature
Die,Technologie,Die,Technologien,Technology
Die,Erlaubnis,Die,Erlaubnisse,Permission
Der,Standort,Die,Standorte,Location
Die,Klaue,Die,Klauen,Claw
Der,Cowboy,Die,Cowboys,Cowboy
Die,Agentur,Die,Agenturen,Agency
Der,Bau,,,Construction
Die,Jagd,,,Hunting
Das,Gemüse,Die,Gemüse,Vegetable
Die,Konservendose,Die,Konservendosen,Tin
Der,Hubschrauber,Die,Hubschrauber,Helicopter
Die,Falle,Die,Fallen,Trap
Der,Schlag,,,Pat
Die,Lücke,Die,Lücken,Gap
Das,Haustier,Die,Haustiere,Pet
Das,Bildung,,,Education
Die,Einkauf,Die,Einkäufe,Shopping
Der,Schuppen,Die,Schuppen,Shed
Die,Vereinbarung,Die,Vereinbarungen,Agreement
Der,Boden,,,Soil
Der,Herzog,Die,Herzog,Duke
Das,Schrotflinte,Die,Schrotflinten,Shotgun
Die,Idee,Die,Ideen,Notion
Das,Heck,,,Rear
Die,Zeremonie,Die,Zeremonien,Ceremony
Der,Löffel,Die,Löffel,Spoon
Die,Badewanne,Die,Badewannen,Tub
Der,Hinweis,Die,Hinweise,Clue
Die,Iris,Die,Irisse,Iris
Der,Vorfall,Die,Vorfälle,Incident
Der,Zusammenstoß,Die,Zusammenstöße,Crash
Das,Journal,Die,Journale,Journal
Der,Zugriff,,,Access
Das,Messing,,,Brass
Die,Mama,Die,Mamas,Mommy
Die,Sidebar,Die,Sidebars,Sidebar
Das,Schaf,Die,Schafe,Sheep
Der,Ingenieur,Die,Ingenieure,Engineer
Der,Rumpf,Die,Rümpfe,Hull
Der,Geruch,Die,Gerüche,Odor
Die,Termin,Die,Termine,Appointment
Die,Einladung,Die,Einladungen,Invitation
Das,Lumpen,Die,Lumpen,Rag
Das,Gute,,,Good
Der,Typ,Die,Typen,Dude
Die,Behandlung,Die,Behandlungen,Treatment
Die,Weisheit,,,Wisdom
Der,Preis,Die,Preise,Prize
Das,Element,Die,Elemente,Element
Der,Riese,Die,Riesen,Giant
Die,Serviette,Die,Servietten,Napkin
Die,Wäsche,,,Laundry
Die,Option,Die,Optionen,Option
Das,Regal,Die,Regale,Rack
Die,Anfrage,Die,Anfragen,Request
Das,Gefängnis,Die,Gefängnisse,Jail
Der,Opa,Die,Opas,Grandpa
Die,Ranch,Die,Ranches,Ranch
Der,Punkt,Die,Punkte,Dot
Das,Skript,Die,Skripte,Script
Das,Einkaufszentrum,Die,Einkaufszentren,Mall
Die,Furt,Die,Furten,Ford
Die,Übung,Die,Übungen,Exercise
Die,Witwe,Die,Witwen,Widow
Die,Krähe,Die,Krähen,Crow
Der,Faden,Die,Fäden,Thread
Der,Selbstmord,Die,Selbstmorde,Suicide
Das,Hinweis,Die,Hinweise,Notice
Der,Sonnenuntergang,Die,Sonnenuntergänge,Sunset
Die,Galerie,Die,Galerien,Gallery
Das,Gefäß,Die,Gefäße,Vessel
Der,Donner,,,Thunder
Die,Seife,Die,Seifen,Soap
Der,Whisky,,,Whiskey
Die,Frau,Die,Frauen,Female
Der,Bürgermeister,Die,Bürgermeister,Mayor
Der,Schlaganfall,Die,Schlaganfälle,Stroke
Der,Klick,Die,Klicks,Click
Der,Ruf,Die,Rufe,Reputation
Der,Müller,Die,Müller,Miller
Der,Rat,Die,Räte,Council
Der,Zeitplan,Die,Zeitpläne,Schedule
Der,Friedhof,Die,Friedhöfe,Cemetery
Der,Kampf,Die,Kämpfe,Struggle
Der,Instinkt,Die,Instinkte,Instinct
Die,Ruhe,,,Calm
Der,Mitarbeiter,Die,Mitarbeiter,Employee
Das,Nest,Die,Nester,Nest
Die,Grenze,Die,Grenzen,Limit
Der,Deutsche,Die,Deutschen,German
Der,Mönch,Die,Mönche,Monk
Der,Wurm,Die,Würmer,Worm
Das,Dokument,Die,Dokumente,Document
Die,Trauer,,,Sadness
Der,Hut,Die,Hüte,Hut
Das,Leben,Die,Leben,Lifetime
Der,Tänzer,Die,Tänzer,Dancer
Die,Versicherung,Die,Versicherungen,Insurance
Die,Schwierigkeit,Die,Schwierigkeiten,Difficulty
Die,Matratze,Die,Matratzen,Mattress
Der,Mann,Die,Männer,Male
Die,Klinik,Die,Kliniken,Clinic
Die,Anzeige,Die,Anzeigen,Ad
Der,Becher,Die,Becher,Mug
Das,Set,Die,Sets,Kit
Die,Kommunikation,Die,Kommunikationen,Communication
Die,Katastrophe,Die,Katastrophen,Disaster
Die,Fliese,Die,Fliesen,Tile
Der,Empfänger,Die,Empfänger,Receiver
Das,Gebrüll,,,Roar
Die,Truppe,Die,Truppen,Troop
Der,Sarg,Die,Särge,Coffin
Die,Freundschaft,Die,Freundschaften,Friendship
Die,Untersuchung,Die,Untersuchungen,Investigation
Der,Verkauf,Die,Verkäufe,Sale
Das,Tor,Die,Tore,Goal
Der,Krankenwagen,Die,Krankenwagen,Ambulance
Das,Mondschein,,,Moonlight
Die,Station,Die,Stationen,Ward
Die,Hose,Die,Hosen,Trousers
Die,Wolle,,,Wool
Der,Regenmantel,Die,Regenmäntel,Mac
Der,Minister,Die,Minister,Minister
Der,Eintrag,Die,Einträge,Entry
Der,Dieb,Die,Diebe,Thief
Der,Aktenkoffer,Die,Aktentaschen,Briefcase
Das,Mitleid,,,Pity
Die,Fingerspitze,Die,Fingerspitzen,Fingertip
Die,Marine,Die,Marinen,Navy
Das,Insekt,Die,Insekten,Insect
Der,Samt,,,Velvet
Die,Biene,Die,Bienen,Bee
Der,Stock,Die,Stöcke,Cane
Das,Gen,Die,Gene,Gene
Der,Salat,Die,Salate,Salad
Die,Windschutzscheibe,Die,Windschutzscheiben,Windshield
Das,Outfit,Die,Outfits,Outfit
Das,Shuttle,Die,Shuttle,Shuttle
Der,Schrei,Die,Schreie,Shout
Die,Wut,,,Fury
Die,Herausforderung,Die,Herausforderungen,Challenge
Die,Zufriedenheit,,,Satisfaction
Der,Motor,Die,Motoren,Motor
Das,Produkt,Die,Produkte,Product
Das,Unkraut,,,Weed
Der,Stretch,,,Stretch
Das,Fitnessstudio,Die,Fitnessstudios,Gym
Die,Hauptstadt,Die,Hauptstädte,Capital
Der,Rand,Die,Ränder,Rim
Die,Pfote,Die,Pfoten,Paw
Das,Fort,Die,Forts,Fort
Die,Kosten,,,Cost
Das,Poster,Die,Poster,Poster
Der,Vampir,Die,Vampire,Vampire
Der,Schaft,Die,Schäfte,Shaft
Die,Identität,Die,Identitäten,Identity
Der,Gehweg,Die,Gehwege,Pavement
Das,Arschloch,Die,Arschlöcher,Asshole
Das,Band,Die,Bänder,Strap
Der,Salon,Die,Salons,Parlor
Der,Hafen,Die,Häfen,Harbor
Das,Beispiel,Die,Beispiele,Example
Das,Netz,Die,Netze,Web
Der,Golf,,,Golf
Der,Mist,,,Crap
Die,Freude,,,Delight
Die,Steppdecke,Die,Steppdecken,Quilt
Die,Steuer,Die,Steuern,Tax
Die,Falte,Die,Falten,Fold
Das,Porträt,Die,Porträts,Portrait
Das,Gewebe,Die,Gewebe,Tissue
Der,Glaube,Die,Glauben,Belief
Das,Kostüm,Die,Kostüme,Costume
Das,Maß,Die,Maße,Measure
Die,Kutsche,Die,Kutschen,Carriage
Die,Gitarre,Die,Gitarren,Guitar
Der,Ritter,Die,Ritter,Knight
Der,Rang,Die,Ränge,Rank
Der,Major,Die,Majore,Major
Der,Brunnen,Die,Brunnen,Fountain
Der,Stall,Die,Ställe,Stall
Die,Ladung,Die,Ladungen,Load
Der,Funke,Die,Funken,Spark
Der,Abfall,,,Waste
Der,Champagner,,,Champagne
Der,Bezirk,Die,Bezirke,District
Der,Schutz,,,Protection
Das,Urteil,Die,Urteile,Judgment
Das,Mitgefühl,,,Sympathy
Das,Veilchen,Die,Veilchen,Violet
Der,Aufprall,Die,Aufprälle,Impact
Die,Enttäuschung,Die,Enttäuschungen,Disappointment
Das,Trinken,,,Drinking
Das,Bewusstsein,,,Consciousness
Das,Taschentuch,Die,Taschentücher,Handkerchief
Das,Tanzen,,,Dancing
Das,Parfüm,Die,Parfüms,Perfume
Das,Netzwerk,Die,Netzwerke,Network
Die,Forderung,Die,Forderungen,Claim
Die,Nonne,Die,Nonnen,Nun
Die,Krone,Die,Kronen,Crown
Das,Geländer,Die,Geländer,Railing
Die,Lizenz,Die,Lizenzen,License
Die,Gnade,,,Mercy
Der,Ballon,Die,Ballons,Balloon
Das,Chaos,,,Chaos
Das,Fieber,,,Fever
Der,Schließfach,Die,Schließfächer,Locker
Die,Sitzung,Die,Sitzungen,Session
Der,Ausbruch,Die,Ausbrüche,Burst
Der,Gipfel,Die,Gipfel,Peak
Die,Trommel,Die,Trommeln,Drum
Der,Fokus,Die,Foki,Focus
Der,Frosch,Die,Frösche,Frog
Der,Nutzen,Die,Nutzen,Benefit
Die,Bemerkung,Die,Bemerkungen,Remark
Die,Flut,Die,Fluten,Tide
Der,Verdacht,Die,Verdächte,Suspicion
Der,Jeep,Die,Jeeps,Jeep
Die,Sorge,Die,Sorgen,Worry
Die,Literatur,,,Literature
Der,Bogenschütze,Die,Bogenschützen,Archer
Der,Haushalt,Die,Haushalte,Household
Das,Pulver,Die,Pulver,Powder
Der,Hirte,Die,Hirten,Shepherd
Die,Linse,Die,Linsen,Lens
Der,Favorit,Die,Favoriten,Favorite
Die,Dame,,,Madame
Die,Villa,Die,Villen,Mansion
Der,Boom,Die,Booms,Boom
Die,Spitze,Die,Spitzen,Lace
Die,Bewertung,Die,Bewertungen,Review
Der,Empfang,Die,Empfänge,Reception
Der,Schrott,,,Scrap
Die,Perle,Die,Perlen,Bead
Das,Blenden,,,Glare
Der,Fluss,Die,Flüsse,Flow
Das,Café,Die,Cafés,Cafe
Der,Status,Die,Stati,Status
Das,Hämmern,,,Pounding
Die,Rakete,Die,Raketen,Rocket
Die,Schlucht,Die,Schluchten,Canyon
Die,Trauer,,,Sorrow
Die,Spinne,Die,Spinnen,Spider
Die,Explosion,Die,Explosionen,Blast
Die,Persönlichkeit,Die,Persönlichkeiten,Personality
Der,Campus,Die,Campi,Campus
Der,Fluch,Die,Flüche,Curse
Das,Treppenhaus,Die,Treppenhäuser,Staircase
Der,Drang,Die,Dränge,Urge
Die,Frustration,,,Frustration
Die,Pumpe,Die,Pumpen,Pump
Die,Leichtigkeit,,,Ease
Der,Graf,Die,Grafen,Count
Die,Lösung,Die,Lösungen,Solution
Der,Schmuck,,,Jewelry
Die,Sirene,Die,Sirenen,Siren
Der,Hit,Die,Hits,Hit
Die,Tradition,Die,Traditionen,Tradition
Der,Bordstein,Die,Bordsteine,Curb
Die,Vielfalt,Die,Vielfalten,Variety
Der,Pirat,Die,Piraten,Pirate
Die,Beschreibung,Die,Beschreibungen,Description
Der,Liebling,Die,Lieblinge,Dear
Die,Angst,Die,Ängste,Anxiety
Die,Tonhöhe,Die,Tonhöhen,Pitch
Die,Pizza,Die,Pizzen,Pizza
Der,Elefant,Die,Elefanten,Elephant
Die,Politik,,,Politics
Das,Tennis,,,Tennis
Der,Hunger,,,Hunger
Das,Genie,Die,Genies,Genius
Die,Ziege,Die,Ziegen,Goat
Der,Sieg,Die,Siege,Victory
Die,Kombination,Die,Kombinationen,Combination
Die,Zugehörigkeit,Die,Zugehörigkeiten,Affiliation
Die,Mama,Die,Mamas,Momma
Das,Kap,Die,Kaps,Cape
Der,Scheinwerfer,Die,Scheinwerfer,Headlight
Der,Gouverneur,Die,Gouverneure,Governor
Der,Sauerstoff,,,Oxygen
Der,Bischof,Die,Bischöfe,Bishop
Das,Bündel,Die,Bündel,Bundle
Die,Entwicklung,Die,Entwicklungen,Development
Der,Fingernagel,Die,Fingernägel,Fingernail
Der,Punktestand,Die,Punktestände,Score
Der,Kamerad,Die,Kameraden,Mate
Der,Reiter,Die,Reiter,Rider
Die,Umlaufbahn,Die,Umlaufbahnen,Orbit
Die,Rebe,Die,Reben,Vine
Die,Suite,Die,Suiten,Suite
Der,Barkeeper,Die,Barkeeper,Bartender
Die,Cola,,,Coke
Die,Melodie,Die,Melodien,Tune
Der,Ruhm,,,Glory
Der,Rabbi,,,Rabbi
Die,Operation,Die,Operationen,Surgery
Das,Rindvieh,,,Cattle
Das,Ritual,Die,Rituale,Ritual
Der,Gruß,Die,Grüße,Greeting
Die,Scheibe,Die,Scheiben,Slice
Der,Homer,Die,Homers,Homer
Der,Kamin,Die,Kamine,Fireplace
Das,Trikot,Die,Trikots,Jersey
Die,Medien,,,Media
Der,Knall,Die,Knalle,Pop
Die,Ladung,Die,Ladungen,Cargo
Die,Herberge,Die,Herbergen,Inn
Der,Stellvertreter,Die,Stellvertreter,Deputy
Die,Verzweiflung,,,Despair
Das,Gebiet,Die,Gebiete,Territory
Der,Schlag,Die,Schläge,Punch
Der,Jazz,,,Jazz
Die,Umarmung,Die,Umarmungen,Hug
Die,Pfeife,Die,Pfeifen,Whistle
Die,Menschheit,,,Humanity
Das,Handwerk,Die,Handwerke,Craft
Das,Tageslicht,,,Daylight
Der,Wert,Die,Werte,Worth
Die,Einlage,Die,Einlagen,Slip
Die,Rüstung,Die,Rüstungen,Armor
Der,Rucksack,Die,Rucksäcke,Backpack
Der,Vorschlag,Die,Vorschläge,Suggestion
Die,Höhle,Die,Höhlen,Den
Das,Symbol,Die,Symbole,Symbol
Die,Kolonie,Die,Kolonien,Colony
Der,Schluss,Die,Schlüsse,Conclusion
Das,Nasenloch,Die,Nasenlöcher,Nostril
Der,Speer,Die,Speere,Spear
Der,Impuls,Die,Impulse,Impulse
Die,Tomate,Die,Tomaten,Tomato
Das,Kalb,Die,Kälber,Calf
Der,Herbst,,,Autumn
Die,Entdeckung,Die,Entdeckungen,Discovery
Das,Klassenzimmer,Die,Klassenzimmer,Classroom
Die,Lieferung,Die,Lieferungen,Delivery
Das,Spray,Die,Sprays,Spray
Die,Flüssigkeit,Die,Flüssigkeiten,Liquid
Der,Treibstoff,,,Fuel
Die,Unterwäsche,,,Underwear
Die,Kuppel,Die,Kuppeln,Dome
Die,Bevölkerung,,,Population
Die,Zuneigung,,,Affection
Die,Religion,Die,Religionen,Religion
Der,Sänger,Die,Sängerinnen,Singer
Der,Bedienstete,Die,Bediensteten,Attendant
Die,Illusion,Die,Illusionen,Illusion
Der,Link,Die,Links,Link
Die,Lounge,Die,Lounges,Lounge
Das,Innere,Die,Innenräume,Interior
Das,Achselzucken,,,Shrug
Die,Zone,Die,Zonen,Zone
Der,Standard,Die,Standards,Standard
Die,Kohle,,,Coal
Die,Jagd,Die,Jagden,Chase
Der,Kloß,Die,Klöße,Lump
Der,Charme,Die,Charmes,Charm
Die,Legende,Die,Legenden,Legend
Die,Konsequenz,Die,Konsequenzen,Consequence
Die,Beobachtung,Die,Beobachtungen,Observation
Das,Fahrrad,Die,Fahrräder,Bicycle
Der,Schaden,,,Harm
Der,Lohn,Die,Löhne,Pay
Die,Aussicht,Die,Aussichten,Prospect
Die,U-Bahn,Die,U-Bahnen,Subway
Das,Muster,Die,Muster,Sample
Die,Kirsche,Die,Kirschen,Cherry
Der,Händler,Die,Händler,Dealer
Die,Aufgabe,Die,Aufgaben,Assignment
Die,Eile,,,Hurry
Die,Geliebte,Die,Geliebten,Mistress
Der,Hügel,Die,Hügel,Mound
Der,Unsinn,,,Nonsense
Der,Ausschuss,Die,Ausschüsse,Committee
Das,Echo,Die,Echos,Echo
Der,Nachgiebigkeit,,,Slack
Die,Decker,,,Decker
Das,Lager,Die,Lager,Warehouse
Der,Kampf,Die,Kämpfe,Bout
Der,Toast,Die,Toasts,Toast
Die,Einrichtung,Die,Einrichtungen,Facility
Der,Basketball,,,Basketball
Der,Schnurrbart,Die,Schnurrbärte,Mustache
Der,Senator,Die,Senatoren,Senator
Die,Aktie,Die,Aktien,Share
Das,Augenlid,Die,Augenlider,Eyelid
Die,Begeisterung,,,Enthusiasm
Das,Stück,Die,Stücke,Chunk
Die,Schildkröte,Die,Schildkröten,Turtle
Der,Alkohol,,,Alcohol
Der,Kaugummi,Die,Kaugummis,Gum
Der,Truthahn,Die,Truthähne,Turkey
Der,Prediger,Die,Prediger,Preacher
Der,Besitz,,,Possession
Die,Sackkarre,Die,Sackkarren,Dolly
Das,Leinen,,,Linen
Die,Entschuldigung,Die,Entschuldigungen,Apology
Der,Vortrag,Die,Vorträge,Lecture
Der,Fels,Die,Felsen,Boulder
Der,Haufen,Die,Haufen,Heap
Der,Fotograf,Die,Fotografen,Photographer
Die,Bremse,Die,Bremsen,Brake
Die,Nachfrage,Die,Nachfragen,Demand
Die,Schürze,Die,Schürzen,Apron
Der,Umhang,Die,Umhänge,Cloak
Die,Jury,Die,Jurys,Jury
Die,Anhörung,Die,Anhörungen,Hearing
Das,Grau,,,Gray
Die,Kiste,Die,Kisten,Crate
Die,Methode,Die,Methoden,Method
Die,Referenz,Die,Referenzen,Reference
Der,Ekel,,,Disgust
Der,Schnaps,Die,Schnäpse,Liquor
Der,Lippenstift,Die,Lippenstifte,Lipstick
Der,Kern,Die,Kerne,Core
Das,Individuum,Die,Individuen,Individual
Der,Container,Die,Container,Container
Die,Hure,Die,Huren,Whore
Das,Kleinkind,Die,Kleinkinder,Infant
Die,Sonnenbrille,Die,Sonnenbrillen,Sunglasses
Die,Hose,Die,Hosen,Hose
Das,Konzert,Die,Konzerte,Concert
Der,Unsinn,,,Bullshit
Die,Eisenbahn,Die,Eisenbahnen,Railroad
Die,Parade,Die,Paraden,Parade
Das,Abteil,Die,Abteile,Compartment
Der,Bewohner,Die,Bewohner,Resident
Der,Ofen,Die,Öfen,Oven
Der,Techniker,Die,Techniker,Technician
Das,Verfahren,Die,Verfahren,Procedure
Der,Kämpfer,Die,Kämpfer,Fighter
Das,Korn,Die,Körner,Grain
Das,Picknick,Die,Picknicks,Picnic
Der,Stamm,Die,Stämme,Tribe
Die,Knospe,Die,Knospen,Bud
Die,Wiese,Die,Wiesen,Meadow
Die,Öffentlichkeit,,,Public
Das,Gift,Die,Gifte,Poison
Der,Büffel,Die,Büffel,Buffalo
Die,Region,Die,Regionen,Region
Die,Produktion,Die,Produktionen,Production
Das,Laufen,,,Running
Die,Schleife,Die,Schleifen,Loop
Das,Schlafen,,,Sleeping
Die,Limonade,Die,Limonaden,Soda
Die,Eule,Die,Eulen,Owl
Das,Menü,Die,Menüs,Menu
Der,Tritt,Die,Tritte,Kick
Der,Ruin,Die,Ruinen,Ruin
Die,Rampe,Die,Rampen,Ramp
Die,Streif,Die,Streifen,Streak
Der,Unterarm,Die,Unterarme,Forearm
Das,Büro,Die,Büros,Bureau
Das,Gelenk,Die,Gelenke,Knuckle
Die,Gans,Die,Gänse,Goose
Der,Fortschritt,Die,Fortschritte,Advance
Die,Fee,Die,Feen,Fairy
Die,Krankheit,Die,Krankheiten,Illness
Das,Kommando,Die,Kommandos,Squad
Der,Beamte,Die,Beamten,Official
Die,Marke,Die,Marken,Brand
Das,Organ,Die,Organe,Organ
Der,Schmetterling,Die,Schmetterlinge,Butterfly
Das,Imperium,Die,Reiche,Empire
Das,Profil,Die,Profile,Profile
Die,Freiheit,Die,Freiheiten,Liberty
Der,Unglaube,,,Disbelief
Der,Hain,Die,Haine,Grove
Der,Schild,Die,Schilde,Shield
Der,Sattel,Die,Sättel,Saddle
Die,Chancen,,,Odds
Der,Cluster,Die,Cluster,Cluster
Der,Satellit,Die,Satelliten,Satellite
Der,Auslöser,Die,Auslöser,Trigger
Der,Welpe,Die,Welpen,Puppy
Das,Warten,,,Waiting
Die,Glühbirne,Die,Glühbirnen,Bulb
Die,Kommode,Die,Kommoden,Dresser
Die,Patrouille,Die,Patrouillen,Patrol
Der,Adler,Die,Adler,Eagle
Die,Privatsphäre,,,Privacy
Die,Flüssigkeit,Die,Flüssigkeiten,Fluid
Die,Herde,,,Herd
Die,Kopfschmerzen,,,Headache
Die,Unterhaltung,Die,Unterhaltungen,Amusement
Der,Rollstuhl,Die,Rollstühle,Wheelchair
Die,Politik,,,Policy
Die,Schönheit,Die,Schönheiten,Belle
Der,Tabak,,,Tobacco
Die,Einstellung,Die,Einstellungen,Setting
Das,Tattoo,Die,Tattoos,Tattoo
Die,Belastung,Die,Belastungen,Burden
Der,Händler,Die,Händler,Merchant
Die,Rutsche,Die,Rutschen,Slide
Der,Fleck,Die,Flecken,Stain
Das,Essen,,,Eating
Die,Bindung,Die,Bindungen,Bond
Das,Schwimmen,,,Swimming
Die,Stiftung,Die,Stiftungen,Foundation
Die,Verletzung,Die,Verletzungen,Injury
Die,Liga,Die,Ligen,League
Die,Batterie,Die,Batterien,Battery
Der,Regenschirm,Die,Regenschirme,Umbrella
Der,Kaiser,Die,Kaiser,Emperor
Der,Pier,Die,Piers,Pier
Der,Wasserhahn,Die,Wasserhähne,Tap
Das,Witz,Die,Witze,Wit
Der,Cutter,Die,Cutter,Cutter
Der,Dachboden,Die,Dachböden,Attic
Der,Tiger,Die,Tiger,Tiger
Der,Freund,Die,Freunde,Pal
Der,Vorfahr,Die,Vorfahren,Ancestor
Die,Konzentration,,,Concentration
Der,Berg,Die,Berge,Mount
Die,Kosten,,,Expense
Der,Segen,Die,Segen,Blessing
Der,Urlaub,,,Leave
Der,Vorsprung,Die,Vorsprünge,Ledge
Die,Fackel,Die,Fackeln,Torch
Die,Tinte,,,Ink
Die,Handlung,Die,Handlungen,Plot
Die,Miete,Die,Mieten,Rent
Die,Maultier,Die,Maultiere,Mule
Der,Bogen,Die,Bögen,Arch
Die,Umwelt,Die,Umwelten,Environment
Die,Stirnrunzeln,,,Frown
Der,Inspektor,Die,Inspektoren,Inspector
Die,Mitte,Die,Mitte,Midst
Die,Peinlichkeit,Die,Peinlichkeiten,Embarrassment
Die,Beschwerde,Die,Beschwerden,Complaint
Die,Portion,Die,Portionen,Portion
Die,Wegwerfen,,,Chuck
Die,Lichtung,Die,Lichtungen,Clearing
Die,Krise,Die,Krisen,Crisis
Die,Halskette,Die,Halsketten,Necklace
Die,Laterne,Die,Laternen,Lantern
Der,Reichtum,,,Wealth
Der,Mörder,Die,Mörder,Murderer
Die,Zivilisation,Die,Zivilisationen,Civilization
Das,Konzept,Die,Konzepte,Concept
Das,Lamm,Die,Lämmer,Lamb
Die,Schritt,Die,Schritte,Stride
Das,Manschette,Die,Manschetten,Cuff
Die,Jungfrau,Die,Jungfrauen,Virgin
Das,Eichhörnchen,Die,Eichhörnchen,Squirrel
Das,Baby,Die,Babys,Babe
Der,Star,Die,Stare,Starling
Die,Depression,Die,Depressionen,Depression
Die,Lagerung,Die,Lagerungen,Storage
Der,Altar,Die,Altäre,Altar
Die,Tragödie,Die,Tragödien,Tragedy
Die,Ressource,Die,Ressourcen,Resource
Der,Reisende,Die,Reisenden,Traveler
Das,Vertrauen,,,Trust
Der,Bogen,Die,Bögen,Arc
Das,Königreich,Die,Königreiche,Kingdom
Das,Juwel,Die,Juwelen,Jewel
Der,Musiker,Die,Musiker,Musician
Das,Flugzeug,Die,Flugzeuge,Airplane
Der,Müll,,,Junk
Der,Sonnenschein,,,Sunshine
Der,Junge,Die,Jungen,Lad
Der,Elf,Die,Elfen,Elf
Der,Protest,Die,Proteste,Protest
Die,Jagd,Die,Jagden,Hunt
Der,Geschäftsführer,Die,Geschäftsführer,Executive
Das,Tagebuch,Die,Tagebücher,Diary
Der,Aspekt,Die,Aspekte,Aspect
Das,Zifferblatt,Die,Zifferblätter,Dial
Der,Pantoffel,Die,Pantoffel,Slipper
Die,Schauspielerin,Die,Schauspielerinnen,Actress
Das,Schießen,,,Shooting
Der,Ohrring,Die,Ohrringe,Earring
Die,Ameise,Die,Ameisen,Ant
Das,Brötchen,Die,Brötchen,Patty
Die,Sauce,Die,Saucen,Sauce
Die,Rakete,Die,Raketen,Missile
Die,Intensität,,,Intensity
Der,Graben,Die,Gräben,Ditch
Das,Gänseblümchen,Die,Gänseblümchen,Daisy
Die,Kapelle,Die,Kapellen,Chapel
Das,Sumpf,Die,Sümpfe,Swamp
Die,Beziehung,Die,Beziehungen,Relation
Die,Vermutung,Die,Vermutungen,Guess
Der,Kran,Die,Kräne,Crane
Das,Aufeinandertreffen,Die,Aufeinandertreffen,Encounter
Die,Abfolge,Die,Abfolgen,Sequence
Das,Fragment,Die,Fragmente,Fragment
Die,Ausarbeitung,Die,Ausarbeitungen,Draft
Das,Speiselokal,Die,Speiselokale,Diner
Die,Funktion,Die,Funktionen,Function
Die,Organisation,Die,Organisationen,Organization
Das,Skelett,Die,Skelette,Skeleton
Das,Elend,,,Misery
Das,Kraut,Die,Kräuter,Herb
Der,Stumpf,Die,Stümpfe,Stump
Der,Einsatz,Die,Einsätze,Stake
Das,Puff,Die,Puffs,Puff
Die,Schaffung,Die,Schaffungen,Creation
Das,Erwachen,Die,Erwachen,Wake
Der,Zauberer,Die,Zauberer,Wizard
Das,Matte,Die,Matten,Mat
Die,Dichtung,Die,Dichtungen,Seal
Die,Dämmerung,,,Twilight
Das,Grunzen,Die,Grunzen,Grunt
Die,Bestrafung,Die,Bestrafungen,Punishment
Der,Clan,Die,Clans,Clan
Das,Kupfer,,,Copper
Der,Schutt,,,Debris
Der,Maler,Die,Maler,Painter
Die,Lenkung,Die,Lenkungen,Steering
Die,Mathematik,,,Math
Die,Anerkennung,,,Recognition
Der,Gemüt,,,Temper
Das,Bedauern,,,Regret
Das,Ziel,Die,Ziele,Destination
Die,Mühle,Die,Mühlen,Mill
Der,Fehler,Die,Fehler,Error
Die,Romanze,Die,Romanzen,Romance
Das,Thema,Die,Themen,Topic
Die,Terrasse,Die,Terrassen,Patio
Die,Schaufel,Die,Schaufeln,Shovel
Der,Schlafanzug,Die,Schlafanzüge,Pajamas
Die,E-Mail,Die,E-Mails,EMail
Die,Taube,Die,Tauben,Pigeon
Der,Dinosaurier,Die,Dinosaurier,Dinosaur
Die,Industrie,Die,Industrien,Industry
Der,Operator,Die,Operatoren,Operator
Der,Aufzug,Die,Aufzüge,Lift
Der,Berater,Die,Berater,Counselor
Das,Treffen,Die,Treffen,Gathering
Das,Prinzip,Die,Prinzipien,Principle
Das,Drama,Die,Dramen,Drama
Das,Küken,Die,Küken,Chick
Das,Diagramm,Die,Diagramme,Chart
Die,Kampagne,Die,Kampagnen,Campaign
Der,Lorbeer,Die,Lorbeeren,Laurel
Das,Steak,Die,Steaks,Steak
Der,Verbrecher,Die,Verbrecher,Criminal
Der,Globus,Die,Globen,Globe
Der,Bluterguss,Die,Blutergüsse,Bruise
Der,Knopf,Die,Knöpfe,Knob
Der,Mord,Die,Morde,Killing
Die,Liebste,Die,Liebsten,Sweetheart
Die,Oper,Die,Opern,Opera
Der,Frost,,,Frost
Die,Brustwarze,Die,Brustwarzen,Nipple
Der,Pfarrer,Die,Pfarrer,Reverend
Der,Dunst,,,Haze
Die,Überschwemmung,Die,Überschwemmungen,Flood
Das,Lied,Die,Lieder,Carol
Die,Schwäche,Die,Schwächen,Weakness
Das,Kochen,,,Cooking